10:56;entry;User has selected command 2
10:56;entry;User has entered name; Денис
10:56;entry;User has entered surname; Щанников
10:56;entry;User has entered phone; +79768520937
10:56;entry;User has entered mail; denis-s2@yandex.ru
10:57;entry;User has entered description; концертный фортепианный техник
11:27;entry;User has selected command 2
11:27;entry;User has entered name; иван
11:28;entry;User has entered surname; иванов
11:28;entry;User has entered phone; 97987698634
11:28;entry;User has entered mail; ьылв
11:28;entry;User has entered description; орпвалройпау
11:28;entry;User has selected command 2
11:28;entry;User has entered name; петр
11:28;entry;User has entered surname; петров
11:28;entry;User has entered phone; 9847560857
11:28;entry;User has entered mail; вамца
11:28;entry;User has entered description; цернкькноькгнц
11:34;entry;User has selected command 2
11:34;entry;User has entered name; Денис
11:34;entry;User has entered surname; Щанников
11:35;entry;User has entered phone; +79678520937
11:35;entry;User has entered mail; denis-s2@yandex.ru
11:36;entry;User has entered description; Концертный фортепианный техник
11:39;entry;User has selected command 2
11:39;entry;User has entered name; fyfcnfcbz
11:40;entry;User has selected command 2
11:40;entry;User has entered name; Анастасия
11:40;entry;User has entered surname; Птичкина
11:40;entry;User has entered phone; +9873659857543
11:40;entry;User has entered mail; маил
11:41;entry;User has entered description; уххххх
11:46;entry;User has selected command 2
18:50;entry;User has selected command 2
18:50;entry;User has entered name; софа
18:50;entry;User has entered surname; щан
18:50;entry;User has entered phone; 769865875474
18:50;entry;User has entered mail; олрпло
18:50;entry;User has entered description; лорп
